id,date,user_username,user_displayname,content,like_count,retweet_count,reply_count,quote_count,lang,url,external_urls,is_retweet,is_quote,is_reply,referenced_tweet_id,referenced_tweet_text,search_query,search_preset,search_hashtags,search_lang,search_since,search_until,search_executed_at
1968618665378464155,2025-09-18 10:10:39+00:00,,,"Enlace a #FabryLink 
‚õìÔ∏è‚Äçüí•https://t.co/3faZOlFNSt

#Fabry #RedFabry https://t.co/9RWSWdjrbM",0,0,0,0,es,https://x.com/i/web/status/1968618665378464155,https://www.linkedin.com/groups/13127985/ https://x.com/AinhoaRobles/status/1968618665378464155/photo/1,False,False,False,,,(#Fabry OR #FabryDisease OR #FabryAwareness OR #FabryHeroes OR #LivingWithFabry OR #FabryTreatment OR #FabryCommunity OR #EnfermedadDeFabry OR #FabryEspa√±ol OR #FabryLatAm OR #Diagn√≥sticoPrecozFabry OR #TratamientoFabry OR #VisibilidadFabry OR #VidaConFabry OR #H√©roesFabry OR #MesDeConcienciaci√≥nFabry OR #Gen√©ticaFabry),fabry,#Fabry #FabryDisease #FabryAwareness #FabryHeroes #LivingWithFabry #FabryTreatment #FabryCommunity #EnfermedadDeFabry #FabryEspa√±ol #FabryLatAm #Diagn√≥sticoPrecozFabry #TratamientoFabry #VisibilidadFabry #VidaConFabry #H√©roesFabry #MesDeConcienciaci√≥nFabry #Gen√©ticaFabry,,2025-09-12,2025-09-18,2025-09-18T15:26:56Z
1968418173977313448,2025-09-17 20:53:58+00:00,,,"RT @mariangoicoeche: Enlace a #FabryLink üì∑Ô∏è‚Äçüì∑ https://t.co/Z3Z6H4ytV9

#Fabry #RedFabry https://t.co/uncZMAYMR6",0,1,0,0,es,https://x.com/i/web/status/1968418173977313448,https://www.linkedin.com/groups/13127985/ https://x.com/mariangoicoeche/status/1968387801944297791/photo/1,True,False,False,1968387801944297791,"Enlace a #FabryLink üì∑Ô∏è‚Äçüì∑ https://t.co/Z3Z6H4ytV9

#Fabry #RedFabry https://t.co/uncZMAYMR6",(#Fabry OR #FabryDisease OR #FabryAwareness OR #FabryHeroes OR #LivingWithFabry OR #FabryTreatment OR #FabryCommunity OR #EnfermedadDeFabry OR #FabryEspa√±ol OR #FabryLatAm OR #Diagn√≥sticoPrecozFabry OR #TratamientoFabry OR #VisibilidadFabry OR #VidaConFabry OR #H√©roesFabry OR #MesDeConcienciaci√≥nFabry OR #Gen√©ticaFabry),fabry,#Fabry #FabryDisease #FabryAwareness #FabryHeroes #LivingWithFabry #FabryTreatment #FabryCommunity #EnfermedadDeFabry #FabryEspa√±ol #FabryLatAm #Diagn√≥sticoPrecozFabry #TratamientoFabry #VisibilidadFabry #VidaConFabry #H√©roesFabry #MesDeConcienciaci√≥nFabry #Gen√©ticaFabry,,2025-09-12,2025-09-18,2025-09-18T15:26:56Z
1968387801944297791,2025-09-17 18:53:17+00:00,,,"Enlace a #FabryLink üì∑Ô∏è‚Äçüì∑ https://t.co/Z3Z6H4ytV9

#Fabry #RedFabry https://t.co/uncZMAYMR6",3,1,0,0,es,https://x.com/i/web/status/1968387801944297791,https://www.linkedin.com/groups/13127985/ https://x.com/mariangoicoeche/status/1968387801944297791/photo/1,False,False,False,,,(#Fabry OR #FabryDisease OR #FabryAwareness OR #FabryHeroes OR #LivingWithFabry OR #FabryTreatment OR #FabryCommunity OR #EnfermedadDeFabry OR #FabryEspa√±ol OR #FabryLatAm OR #Diagn√≥sticoPrecozFabry OR #TratamientoFabry OR #VisibilidadFabry OR #VidaConFabry OR #H√©roesFabry OR #MesDeConcienciaci√≥nFabry OR #Gen√©ticaFabry),fabry,#Fabry #FabryDisease #FabryAwareness #FabryHeroes #LivingWithFabry #FabryTreatment #FabryCommunity #EnfermedadDeFabry #FabryEspa√±ol #FabryLatAm #Diagn√≥sticoPrecozFabry #TratamientoFabry #VisibilidadFabry #VidaConFabry #H√©roesFabry #MesDeConcienciaci√≥nFabry #Gen√©ticaFabry,,2025-09-12,2025-09-18,2025-09-18T15:26:56Z
1968287512792862796,2025-09-17 12:14:46+00:00,,,"RT @JavierLimeres: üí°Si buscas apoyo e informaci√≥n sobre la enfermedad de Fabry, √∫nete a nuestro grupo privado de LinkedIn, #FabryLink, para‚Ä¶",0,1,0,0,es,https://x.com/i/web/status/1968287512792862796,,True,False,False,1967847785040056405,"üí°Si buscas apoyo e informaci√≥n sobre la enfermedad de Fabry, √∫nete a nuestro grupo privado de LinkedIn, #FabryLink, para conectar con otros expertosüß©
Enlace‚õìÔ∏è‚Äçüí• https://t.co/HqZguQmrgN
#Fabry #RedFabry
Dirigido a profesionales sanitarios. Colaboraci√≥n con Sanofi",(#Fabry OR #FabryDisease OR #FabryAwareness OR #FabryHeroes OR #LivingWithFabry OR #FabryTreatment OR #FabryCommunity OR #EnfermedadDeFabry OR #FabryEspa√±ol OR #FabryLatAm OR #Diagn√≥sticoPrecozFabry OR #TratamientoFabry OR #VisibilidadFabry OR #VidaConFabry OR #H√©roesFabry OR #MesDeConcienciaci√≥nFabry OR #Gen√©ticaFabry),fabry,#Fabry #FabryDisease #FabryAwareness #FabryHeroes #LivingWithFabry #FabryTreatment #FabryCommunity #EnfermedadDeFabry #FabryEspa√±ol #FabryLatAm #Diagn√≥sticoPrecozFabry #TratamientoFabry #VisibilidadFabry #VidaConFabry #H√©roesFabry #MesDeConcienciaci√≥nFabry #Gen√©ticaFabry,,2025-09-12,2025-09-18,2025-09-18T15:26:56Z
1968192360309010665,2025-09-17 05:56:40+00:00,,,"RT @MPSpapas: Chiesi presenta nuevas presentaciones sobre #Fabry y #AlfaManosidosis en el ICIEM 2025
#enfermedadesraras  https://t.co/4rpdo‚Ä¶",0,1,0,0,es,https://x.com/i/web/status/1968192360309010665,https://t.co/4rpdo,True,False,False,1968183859243258166,"Chiesi presenta nuevas presentaciones sobre #Fabry y #AlfaManosidosis en el ICIEM 2025
#enfermedadesraras  https://t.co/4rpdoKeHFC v√≠a @IMMedicoHosp",(#Fabry OR #FabryDisease OR #FabryAwareness OR #FabryHeroes OR #LivingWithFabry OR #FabryTreatment OR #FabryCommunity OR #EnfermedadDeFabry OR #FabryEspa√±ol OR #FabryLatAm OR #Diagn√≥sticoPrecozFabry OR #TratamientoFabry OR #VisibilidadFabry OR #VidaConFabry OR #H√©roesFabry OR #MesDeConcienciaci√≥nFabry OR #Gen√©ticaFabry),fabry,#Fabry #FabryDisease #FabryAwareness #FabryHeroes #LivingWithFabry #FabryTreatment #FabryCommunity #EnfermedadDeFabry #FabryEspa√±ol #FabryLatAm #Diagn√≥sticoPrecozFabry #TratamientoFabry #VisibilidadFabry #VidaConFabry #H√©roesFabry #MesDeConcienciaci√≥nFabry #Gen√©ticaFabry,,2025-09-12,2025-09-18,2025-09-18T15:26:56Z
1968183859243258166,2025-09-17 05:22:53+00:00,,,"Chiesi presenta nuevas presentaciones sobre #Fabry y #AlfaManosidosis en el ICIEM 2025
#enfermedadesraras  https://t.co/4rpdoKeHFC v√≠a @IMMedicoHosp",2,1,0,0,es,https://x.com/i/web/status/1968183859243258166,https://www.immedicohospitalario.es/noticia/52754/chiesi-presenta-nuevas-presentaciones-sobre-fabry-y-alfa-manosidosis-e.html,False,False,False,,,(#Fabry OR #FabryDisease OR #FabryAwareness OR #FabryHeroes OR #LivingWithFabry OR #FabryTreatment OR #FabryCommunity OR #EnfermedadDeFabry OR #FabryEspa√±ol OR #FabryLatAm OR #Diagn√≥sticoPrecozFabry OR #TratamientoFabry OR #VisibilidadFabry OR #VidaConFabry OR #H√©roesFabry OR #MesDeConcienciaci√≥nFabry OR #Gen√©ticaFabry),fabry,#Fabry #FabryDisease #FabryAwareness #FabryHeroes #LivingWithFabry #FabryTreatment #FabryCommunity #EnfermedadDeFabry #FabryEspa√±ol #FabryLatAm #Diagn√≥sticoPrecozFabry #TratamientoFabry #VisibilidadFabry #VidaConFabry #H√©roesFabry #MesDeConcienciaci√≥nFabry #Gen√©ticaFabry,,2025-09-12,2025-09-18,2025-09-18T15:26:56Z
1968182899561390107,2025-09-17 05:19:04+00:00,,,"El Hospital de A Coru√±a ‚Äòvigila‚Äô a 2.000 familias con la principal cardiopat√≠a tras la muerte s√∫bita en j√≥venes: ¬´Un coraz√≥n engrosado siempre hay que estudiarlo bien¬ª 
#fabry #lisosomales #enfermedadesraras  https://t.co/qyZHWL7ZgT a trav√©s de @laopinioncoruna",0,0,0,0,es,https://x.com/i/web/status/1968182899561390107,https://www.laopinioncoruna.es/coruna/2025/09/17/hospital-coruna-vigila-2-000-121647916.html?utm_source=twitter&utm_medium=social&utm_campaign=btn-share,False,False,False,,,(#Fabry OR #FabryDisease OR #FabryAwareness OR #FabryHeroes OR #LivingWithFabry OR #FabryTreatment OR #FabryCommunity OR #EnfermedadDeFabry OR #FabryEspa√±ol OR #FabryLatAm OR #Diagn√≥sticoPrecozFabry OR #TratamientoFabry OR #VisibilidadFabry OR #VidaConFabry OR #H√©roesFabry OR #MesDeConcienciaci√≥nFabry OR #Gen√©ticaFabry),fabry,#Fabry #FabryDisease #FabryAwareness #FabryHeroes #LivingWithFabry #FabryTreatment #FabryCommunity #EnfermedadDeFabry #FabryEspa√±ol #FabryLatAm #Diagn√≥sticoPrecozFabry #TratamientoFabry #VisibilidadFabry #VidaConFabry #H√©roesFabry #MesDeConcienciaci√≥nFabry #Gen√©ticaFabry,,2025-09-12,2025-09-18,2025-09-18T15:26:56Z
1968180093404188871,2025-09-17 05:07:55+00:00,,,"Sangamo Therapeutics ha anunciado resultados preliminares muy positivos en su ensayo cl√≠nico de Fase 1/2 STAAR con isaralgagene civaparvovec, una terapia g√©nica para adultos con enfermedad de #Fabry
#enfermedadesraras 
https://t.co/E6COwxzUht https://t.co/UEVUrK0oj1",1,0,0,0,es,https://x.com/i/web/status/1968180093404188871,https://mpslisosomales.org/noticias/investigacion-terapias/avances-esperanzadores-en-terapia-genica-para-la-enfermedad-de-fabry/ https://x.com/MPSpapas/status/1968180093404188871/photo/1,False,False,False,,,(#Fabry OR #FabryDisease OR #FabryAwareness OR #FabryHeroes OR #LivingWithFabry OR #FabryTreatment OR #FabryCommunity OR #EnfermedadDeFabry OR #FabryEspa√±ol OR #FabryLatAm OR #Diagn√≥sticoPrecozFabry OR #TratamientoFabry OR #VisibilidadFabry OR #VidaConFabry OR #H√©roesFabry OR #MesDeConcienciaci√≥nFabry OR #Gen√©ticaFabry),fabry,#Fabry #FabryDisease #FabryAwareness #FabryHeroes #LivingWithFabry #FabryTreatment #FabryCommunity #EnfermedadDeFabry #FabryEspa√±ol #FabryLatAm #Diagn√≥sticoPrecozFabry #TratamientoFabry #VisibilidadFabry #VidaConFabry #H√©roesFabry #MesDeConcienciaci√≥nFabry #Gen√©ticaFabry,,2025-09-12,2025-09-18,2025-09-18T15:26:56Z
1968043423514210732,2025-09-16 20:04:51+00:00,,,"RT @MSBBrandao: 3‚É£ #HCM &amp; phenocopies can be distinguished by #WhyCMR LGE + parametric mappingüí°

üîëin the era of precision medicine‚ùóÔ∏è
#HCM -‚Ä¶",0,5,0,0,en,https://x.com/i/web/status/1968043423514210732,,True,False,False,1967560334555926926,"3‚É£ #HCM &amp; phenocopies can be distinguished by #WhyCMR LGE + parametric mappingüí°

üîëin the era of precision medicine‚ùóÔ∏è
#HCM - ü´Ä myosin inhibitors
#amyloidosis - stabilizers, silencers &amp; üîúdepleters 
#Fabry disease - enzyme therapy and chaperones

Gene therapy in the horizon üîú https://t.co/hxMMlqAZsV",(#Fabry OR #FabryDisease OR #FabryAwareness OR #FabryHeroes OR #LivingWithFabry OR #FabryTreatment OR #FabryCommunity OR #EnfermedadDeFabry OR #FabryEspa√±ol OR #FabryLatAm OR #Diagn√≥sticoPrecozFabry OR #TratamientoFabry OR #VisibilidadFabry OR #VidaConFabry OR #H√©roesFabry OR #MesDeConcienciaci√≥nFabry OR #Gen√©ticaFabry),fabry,#Fabry #FabryDisease #FabryAwareness #FabryHeroes #LivingWithFabry #FabryTreatment #FabryCommunity #EnfermedadDeFabry #FabryEspa√±ol #FabryLatAm #Diagn√≥sticoPrecozFabry #TratamientoFabry #VisibilidadFabry #VidaConFabry #H√©roesFabry #MesDeConcienciaci√≥nFabry #Gen√©ticaFabry,,2025-09-12,2025-09-18,2025-09-18T15:26:56Z
1968038185071718786,2025-09-16 19:44:02+00:00,,,"RT @MSBBrandao: 3‚É£ #HCM &amp; phenocopies can be distinguished by #WhyCMR LGE + parametric mappingüí°

üîëin the era of precision medicine‚ùóÔ∏è
#HCM -‚Ä¶",0,5,0,0,en,https://x.com/i/web/status/1968038185071718786,,True,False,False,1967560334555926926,"3‚É£ #HCM &amp; phenocopies can be distinguished by #WhyCMR LGE + parametric mappingüí°

üîëin the era of precision medicine‚ùóÔ∏è
#HCM - ü´Ä myosin inhibitors
#amyloidosis - stabilizers, silencers &amp; üîúdepleters 
#Fabry disease - enzyme therapy and chaperones

Gene therapy in the horizon üîú https://t.co/hxMMlqAZsV",(#Fabry OR #FabryDisease OR #FabryAwareness OR #FabryHeroes OR #LivingWithFabry OR #FabryTreatment OR #FabryCommunity OR #EnfermedadDeFabry OR #FabryEspa√±ol OR #FabryLatAm OR #Diagn√≥sticoPrecozFabry OR #TratamientoFabry OR #VisibilidadFabry OR #VidaConFabry OR #H√©roesFabry OR #MesDeConcienciaci√≥nFabry OR #Gen√©ticaFabry),fabry,#Fabry #FabryDisease #FabryAwareness #FabryHeroes #LivingWithFabry #FabryTreatment #FabryCommunity #EnfermedadDeFabry #FabryEspa√±ol #FabryLatAm #Diagn√≥sticoPrecozFabry #TratamientoFabry #VisibilidadFabry #VidaConFabry #H√©roesFabry #MesDeConcienciaci√≥nFabry #Gen√©ticaFabry,,2025-09-12,2025-09-18,2025-09-18T15:26:56Z
1967847785040056405,2025-09-16 07:07:27+00:00,,,"üí°Si buscas apoyo e informaci√≥n sobre la enfermedad de Fabry, √∫nete a nuestro grupo privado de LinkedIn, #FabryLink, para conectar con otros expertosüß©
Enlace‚õìÔ∏è‚Äçüí• https://t.co/HqZguQmrgN
#Fabry #RedFabry
Dirigido a profesionales sanitarios. Colaboraci√≥n con Sanofi",2,1,0,0,es,https://x.com/i/web/status/1967847785040056405,https://www.linkedin.com/groups/13127985/,False,False,False,,,(#Fabry OR #FabryDisease OR #FabryAwareness OR #FabryHeroes OR #LivingWithFabry OR #FabryTreatment OR #FabryCommunity OR #EnfermedadDeFabry OR #FabryEspa√±ol OR #FabryLatAm OR #Diagn√≥sticoPrecozFabry OR #TratamientoFabry OR #VisibilidadFabry OR #VidaConFabry OR #H√©roesFabry OR #MesDeConcienciaci√≥nFabry OR #Gen√©ticaFabry),fabry,#Fabry #FabryDisease #FabryAwareness #FabryHeroes #LivingWithFabry #FabryTreatment #FabryCommunity #EnfermedadDeFabry #FabryEspa√±ol #FabryLatAm #Diagn√≥sticoPrecozFabry #TratamientoFabry #VisibilidadFabry #VidaConFabry #H√©roesFabry #MesDeConcienciaci√≥nFabry #Gen√©ticaFabry,,2025-09-12,2025-09-18,2025-09-18T15:26:56Z
1967644689445867697,2025-09-15 17:40:25+00:00,,,"RT @MSBBrandao: 3‚É£ #HCM &amp; phenocopies can be distinguished by #WhyCMR LGE + parametric mappingüí°

üîëin the era of precision medicine‚ùóÔ∏è
#HCM -‚Ä¶",0,5,0,0,en,https://x.com/i/web/status/1967644689445867697,,True,False,False,1967560334555926926,"3‚É£ #HCM &amp; phenocopies can be distinguished by #WhyCMR LGE + parametric mappingüí°

üîëin the era of precision medicine‚ùóÔ∏è
#HCM - ü´Ä myosin inhibitors
#amyloidosis - stabilizers, silencers &amp; üîúdepleters 
#Fabry disease - enzyme therapy and chaperones

Gene therapy in the horizon üîú https://t.co/hxMMlqAZsV",(#Fabry OR #FabryDisease OR #FabryAwareness OR #FabryHeroes OR #LivingWithFabry OR #FabryTreatment OR #FabryCommunity OR #EnfermedadDeFabry OR #FabryEspa√±ol OR #FabryLatAm OR #Diagn√≥sticoPrecozFabry OR #TratamientoFabry OR #VisibilidadFabry OR #VidaConFabry OR #H√©roesFabry OR #MesDeConcienciaci√≥nFabry OR #Gen√©ticaFabry),fabry,#Fabry #FabryDisease #FabryAwareness #FabryHeroes #LivingWithFabry #FabryTreatment #FabryCommunity #EnfermedadDeFabry #FabryEspa√±ol #FabryLatAm #Diagn√≥sticoPrecozFabry #TratamientoFabry #VisibilidadFabry #VidaConFabry #H√©roesFabry #MesDeConcienciaci√≥nFabry #Gen√©ticaFabry,,2025-09-12,2025-09-18,2025-09-18T15:26:56Z
1967570958929297621,2025-09-15 12:47:26+00:00,,,"RT @MSBBrandao: 3‚É£ #HCM &amp; phenocopies can be distinguished by #WhyCMR LGE + parametric mappingüí°

üîëin the era of precision medicine‚ùóÔ∏è
#HCM -‚Ä¶",0,5,0,0,en,https://x.com/i/web/status/1967570958929297621,,True,False,False,1967560334555926926,"3‚É£ #HCM &amp; phenocopies can be distinguished by #WhyCMR LGE + parametric mappingüí°

üîëin the era of precision medicine‚ùóÔ∏è
#HCM - ü´Ä myosin inhibitors
#amyloidosis - stabilizers, silencers &amp; üîúdepleters 
#Fabry disease - enzyme therapy and chaperones

Gene therapy in the horizon üîú https://t.co/hxMMlqAZsV",(#Fabry OR #FabryDisease OR #FabryAwareness OR #FabryHeroes OR #LivingWithFabry OR #FabryTreatment OR #FabryCommunity OR #EnfermedadDeFabry OR #FabryEspa√±ol OR #FabryLatAm OR #Diagn√≥sticoPrecozFabry OR #TratamientoFabry OR #VisibilidadFabry OR #VidaConFabry OR #H√©roesFabry OR #MesDeConcienciaci√≥nFabry OR #Gen√©ticaFabry),fabry,#Fabry #FabryDisease #FabryAwareness #FabryHeroes #LivingWithFabry #FabryTreatment #FabryCommunity #EnfermedadDeFabry #FabryEspa√±ol #FabryLatAm #Diagn√≥sticoPrecozFabry #TratamientoFabry #VisibilidadFabry #VidaConFabry #H√©roesFabry #MesDeConcienciaci√≥nFabry #Gen√©ticaFabry,,2025-09-12,2025-09-18,2025-09-18T15:26:56Z
1967568492699517379,2025-09-15 12:37:38+00:00,,,"RT @MSBBrandao: 3‚É£ #HCM &amp; phenocopies can be distinguished by #WhyCMR LGE + parametric mappingüí°

üîëin the era of precision medicine‚ùóÔ∏è
#HCM -‚Ä¶",0,5,0,0,en,https://x.com/i/web/status/1967568492699517379,,True,False,False,1967560334555926926,"3‚É£ #HCM &amp; phenocopies can be distinguished by #WhyCMR LGE + parametric mappingüí°

üîëin the era of precision medicine‚ùóÔ∏è
#HCM - ü´Ä myosin inhibitors
#amyloidosis - stabilizers, silencers &amp; üîúdepleters 
#Fabry disease - enzyme therapy and chaperones

Gene therapy in the horizon üîú https://t.co/hxMMlqAZsV",(#Fabry OR #FabryDisease OR #FabryAwareness OR #FabryHeroes OR #LivingWithFabry OR #FabryTreatment OR #FabryCommunity OR #EnfermedadDeFabry OR #FabryEspa√±ol OR #FabryLatAm OR #Diagn√≥sticoPrecozFabry OR #TratamientoFabry OR #VisibilidadFabry OR #VidaConFabry OR #H√©roesFabry OR #MesDeConcienciaci√≥nFabry OR #Gen√©ticaFabry),fabry,#Fabry #FabryDisease #FabryAwareness #FabryHeroes #LivingWithFabry #FabryTreatment #FabryCommunity #EnfermedadDeFabry #FabryEspa√±ol #FabryLatAm #Diagn√≥sticoPrecozFabry #TratamientoFabry #VisibilidadFabry #VidaConFabry #H√©roesFabry #MesDeConcienciaci√≥nFabry #Gen√©ticaFabry,,2025-09-12,2025-09-18,2025-09-18T15:26:56Z
1967560334555926926,2025-09-15 12:05:13+00:00,,,"3‚É£ #HCM &amp; phenocopies can be distinguished by #WhyCMR LGE + parametric mappingüí°

üîëin the era of precision medicine‚ùóÔ∏è
#HCM - ü´Ä myosin inhibitors
#amyloidosis - stabilizers, silencers &amp; üîúdepleters 
#Fabry disease - enzyme therapy and chaperones

Gene therapy in the horizon üîú https://t.co/hxMMlqAZsV",14,5,0,0,en,https://x.com/i/web/status/1967560334555926926,https://x.com/MSBBrandao/status/1967560334555926926/photo/1,False,False,True,1967560331787661331,"#LVH patterns
2‚É£ü´Ä symmetric hypertrophy w/ concomitant balanced chamber dilatation is usually seen in athletes üëüü•é
üí° Diastolic function is usually enhanced, with high annular velocities (‚¨ÜÔ∏èE') - this is helpful in the distinction from pathologic #LVH!",(#Fabry OR #FabryDisease OR #FabryAwareness OR #FabryHeroes OR #LivingWithFabry OR #FabryTreatment OR #FabryCommunity OR #EnfermedadDeFabry OR #FabryEspa√±ol OR #FabryLatAm OR #Diagn√≥sticoPrecozFabry OR #TratamientoFabry OR #VisibilidadFabry OR #VidaConFabry OR #H√©roesFabry OR #MesDeConcienciaci√≥nFabry OR #Gen√©ticaFabry),fabry,#Fabry #FabryDisease #FabryAwareness #FabryHeroes #LivingWithFabry #FabryTreatment #FabryCommunity #EnfermedadDeFabry #FabryEspa√±ol #FabryLatAm #Diagn√≥sticoPrecozFabry #TratamientoFabry #VisibilidadFabry #VidaConFabry #H√©roesFabry #MesDeConcienciaci√≥nFabry #Gen√©ticaFabry,,2025-09-12,2025-09-18,2025-09-18T15:26:56Z
1967449767446986950,2025-09-15 04:45:52+00:00,,,"RT @RarasReales: #FabryLink apoyo e informaci√≥n sobre la #EnfermedadDeFabry + conexi√≥n con otros expertos en un grupo LinkedIn.

Con la col‚Ä¶",0,3,0,0,es,https://x.com/i/web/status/1967449767446986950,,True,False,False,1953822772079054946,"#FabryLink apoyo e informaci√≥n sobre la #EnfermedadDeFabry + conexi√≥n con otros expertos en un grupo LinkedIn.

Con la colaboraci√≥n de Sanofi y dirigido exclusivamente a profesionales sanitarios.
https://t.co/imz53vwRPr",(#Fabry OR #FabryDisease OR #FabryAwareness OR #FabryHeroes OR #LivingWithFabry OR #FabryTreatment OR #FabryCommunity OR #EnfermedadDeFabry OR #FabryEspa√±ol OR #FabryLatAm OR #Diagn√≥sticoPrecozFabry OR #TratamientoFabry OR #VisibilidadFabry OR #VidaConFabry OR #H√©roesFabry OR #MesDeConcienciaci√≥nFabry OR #Gen√©ticaFabry),fabry,#Fabry #FabryDisease #FabryAwareness #FabryHeroes #LivingWithFabry #FabryTreatment #FabryCommunity #EnfermedadDeFabry #FabryEspa√±ol #FabryLatAm #Diagn√≥sticoPrecozFabry #TratamientoFabry #VisibilidadFabry #VidaConFabry #H√©roesFabry #MesDeConcienciaci√≥nFabry #Gen√©ticaFabry,,2025-09-12,2025-09-18,2025-09-18T15:26:56Z
1967369943445606441,2025-09-14 23:28:41+00:00,,,"@BAMBossie81 @809trader Absolutely agree! Not mentioned the stock price here. Just said #Fabry #Gene #therapy and other #assets will move forward, and $SGMO is far from #bankrupt - despite the doomsayers. 
That said, with commercialization ahead, I believe the stock will rise sooner or later.",1,0,0,0,en,https://x.com/i/web/status/1967369943445606441,,False,False,True,1967367195916403164,"@ZinselmeyerB @809trader Means nothing when it relates to the stock
They can take on debt or dilute, reverse split, go OTC 
They can sell an asset,  partner 
For us, retail,  it has to be the right decision, the right deal,   the right sequence of events that triggers renewed market confidence",(#Fabry OR #FabryDisease OR #FabryAwareness OR #FabryHeroes OR #LivingWithFabry OR #FabryTreatment OR #FabryCommunity OR #EnfermedadDeFabry OR #FabryEspa√±ol OR #FabryLatAm OR #Diagn√≥sticoPrecozFabry OR #TratamientoFabry OR #VisibilidadFabry OR #VidaConFabry OR #H√©roesFabry OR #MesDeConcienciaci√≥nFabry OR #Gen√©ticaFabry),fabry,#Fabry #FabryDisease #FabryAwareness #FabryHeroes #LivingWithFabry #FabryTreatment #FabryCommunity #EnfermedadDeFabry #FabryEspa√±ol #FabryLatAm #Diagn√≥sticoPrecozFabry #TratamientoFabry #VisibilidadFabry #VidaConFabry #H√©roesFabry #MesDeConcienciaci√≥nFabry #Gen√©ticaFabry,,2025-09-12,2025-09-18,2025-09-18T15:26:56Z
1967319588951240960,2025-09-14 20:08:35+00:00,,,"@staycaffeinated @Drbagholders In order for $SGMO to file a #Fabry #BLA independently - which they could, as they are firmly in the driver‚Äôs seat with Fabry, unlike with #HemA (partnered with $PFE) - @SangamoTx will need cash!
In other words: either a partner, dilution, or alternatively, a #buyout (#BO).",13,0,3,0,en,https://x.com/i/web/status/1967319588951240960,,False,False,True,1967315077763350654,@Drbagholders Not necessarily. Timing in line with their q4 BLA guidance. They could be submitting on their own. But definitely a good sign that the BLA is being built. $SGMO,(#Fabry OR #FabryDisease OR #FabryAwareness OR #FabryHeroes OR #LivingWithFabry OR #FabryTreatment OR #FabryCommunity OR #EnfermedadDeFabry OR #FabryEspa√±ol OR #FabryLatAm OR #Diagn√≥sticoPrecozFabry OR #TratamientoFabry OR #VisibilidadFabry OR #VidaConFabry OR #H√©roesFabry OR #MesDeConcienciaci√≥nFabry OR #Gen√©ticaFabry),fabry,#Fabry #FabryDisease #FabryAwareness #FabryHeroes #LivingWithFabry #FabryTreatment #FabryCommunity #EnfermedadDeFabry #FabryEspa√±ol #FabryLatAm #Diagn√≥sticoPrecozFabry #TratamientoFabry #VisibilidadFabry #VidaConFabry #H√©roesFabry #MesDeConcienciaci√≥nFabry #Gen√©ticaFabry,,2025-09-12,2025-09-18,2025-09-18T15:26:56Z
1967150662824624470,2025-09-14 08:57:20+00:00,,,"Initial interim results from the first four subjects treated with $QURE AMT-191 ‚Äì a high incidence of adverse side effects was observed in this small number of subjects. But it is still too early to make a comparison with $SGMO ST-920. #Fabry
""Two serious side effects related to https://t.co/VaXZxAj2ES",14,0,1,0,en,https://x.com/i/web/status/1967150662824624470,https://x.com/Franca_ole/status/1967150662824624470/photo/1,False,False,False,,,(#Fabry OR #FabryDisease OR #FabryAwareness OR #FabryHeroes OR #LivingWithFabry OR #FabryTreatment OR #FabryCommunity OR #EnfermedadDeFabry OR #FabryEspa√±ol OR #FabryLatAm OR #Diagn√≥sticoPrecozFabry OR #TratamientoFabry OR #VisibilidadFabry OR #VidaConFabry OR #H√©roesFabry OR #MesDeConcienciaci√≥nFabry OR #Gen√©ticaFabry),fabry,#Fabry #FabryDisease #FabryAwareness #FabryHeroes #LivingWithFabry #FabryTreatment #FabryCommunity #EnfermedadDeFabry #FabryEspa√±ol #FabryLatAm #Diagn√≥sticoPrecozFabry #TratamientoFabry #VisibilidadFabry #VidaConFabry #H√©roesFabry #MesDeConcienciaci√≥nFabry #Gen√©ticaFabry,,2025-09-12,2025-09-18,2025-09-18T15:26:56Z
1966926205979898291,2025-09-13 18:05:25+00:00,,,"La #EnfermedadDeFabry puede presentarse de muchas maneras, por eso cada camino hacia el diagn√≥stico es √∫nico.
https://t.co/cCAyugXqX0",1,0,0,0,es,https://x.com/i/web/status/1966926205979898291,https://x.com/SanofiES/status/1933532869487464577,False,True,False,1933532869487464577,"La #EnfermedadDeFabry es una patolog√≠a minoritaria y progresiva que afecta unas 500 personas en Espa√±a.

üôá Aunque es gen√©tica, su diagn√≥stico suele ser un largo y dif√≠cil. 

¬øPor qu√©?

‚ûï Inf√≥rmate de esta y otras #EnfermedadesRaras en @RarasReales. 

#SanofiEsEnfermedadesRaras https://t.co/ulaip0zJIL",(#Fabry OR #FabryDisease OR #FabryAwareness OR #FabryHeroes OR #LivingWithFabry OR #FabryTreatment OR #FabryCommunity OR #EnfermedadDeFabry OR #FabryEspa√±ol OR #FabryLatAm OR #Diagn√≥sticoPrecozFabry OR #TratamientoFabry OR #VisibilidadFabry OR #VidaConFabry OR #H√©roesFabry OR #MesDeConcienciaci√≥nFabry OR #Gen√©ticaFabry),fabry,#Fabry #FabryDisease #FabryAwareness #FabryHeroes #LivingWithFabry #FabryTreatment #FabryCommunity #EnfermedadDeFabry #FabryEspa√±ol #FabryLatAm #Diagn√≥sticoPrecozFabry #TratamientoFabry #VisibilidadFabry #VidaConFabry #H√©roesFabry #MesDeConcienciaci√≥nFabry #Gen√©ticaFabry,,2025-09-12,2025-09-18,2025-09-18T15:26:56Z
1966589107724857368,2025-09-12 19:45:55+00:00,,,"RT @rbarvil: ‚è∞ Just days left! Global leaders &amp; KOLs live on HCM, amyloidosis &amp; Fabry. In a few years you‚Äôll ask why you missed this congre‚Ä¶",0,5,0,0,en,https://x.com/i/web/status/1966589107724857368,,True,False,False,1966053406725841400,"‚è∞ Just days left! Global leaders &amp; KOLs live on HCM, amyloidosis &amp; Fabry. In a few years you‚Äôll ask why you missed this congressüòâ#HCM #Amyloidosis #Fabry https://t.co/MHWZ4K9Kb0",(#Fabry OR #FabryDisease OR #FabryAwareness OR #FabryHeroes OR #LivingWithFabry OR #FabryTreatment OR #FabryCommunity OR #EnfermedadDeFabry OR #FabryEspa√±ol OR #FabryLatAm OR #Diagn√≥sticoPrecozFabry OR #TratamientoFabry OR #VisibilidadFabry OR #VidaConFabry OR #H√©roesFabry OR #MesDeConcienciaci√≥nFabry OR #Gen√©ticaFabry),fabry,#Fabry #FabryDisease #FabryAwareness #FabryHeroes #LivingWithFabry #FabryTreatment #FabryCommunity #EnfermedadDeFabry #FabryEspa√±ol #FabryLatAm #Diagn√≥sticoPrecozFabry #TratamientoFabry #VisibilidadFabry #VidaConFabry #H√©roesFabry #MesDeConcienciaci√≥nFabry #Gen√©ticaFabry,,2025-09-12,2025-09-18,2025-09-18T15:26:56Z
1966427225202237538,2025-09-12 09:02:39+00:00,,,"RT @ZinselmeyerB: @adamfeuerstein Well, that really hinges on who steps in as the new $SGMO #CFO. It's entirely possible that a #VC / priva‚Ä¶",0,1,0,0,en,https://x.com/i/web/status/1966427225202237538,,True,False,False,1966256493378023859,"@adamfeuerstein Well, that really hinges on who steps in as the new $SGMO #CFO. It's entirely possible that a #VC / private equity partner signing on for a #Fabry strategic partnership / co-development agreement might prefer to appoint their own candidate as CFO. https://t.co/0cIySxF5dw",(#Fabry OR #FabryDisease OR #FabryAwareness OR #FabryHeroes OR #LivingWithFabry OR #FabryTreatment OR #FabryCommunity OR #EnfermedadDeFabry OR #FabryEspa√±ol OR #FabryLatAm OR #Diagn√≥sticoPrecozFabry OR #TratamientoFabry OR #VisibilidadFabry OR #VidaConFabry OR #H√©roesFabry OR #MesDeConcienciaci√≥nFabry OR #Gen√©ticaFabry),fabry,#Fabry #FabryDisease #FabryAwareness #FabryHeroes #LivingWithFabry #FabryTreatment #FabryCommunity #EnfermedadDeFabry #FabryEspa√±ol #FabryLatAm #Diagn√≥sticoPrecozFabry #TratamientoFabry #VisibilidadFabry #VidaConFabry #H√©roesFabry #MesDeConcienciaci√≥nFabry #Gen√©ticaFabry,,2025-09-12,2025-09-18,2025-09-18T15:26:56Z
